,노인교실,요양기관관,노인복지시설,기대수명
해운대,0.37,0.19,0.45,80.74
강서구,0.02,0.1,0.03,80.59
금정구,0.21,0.14,0.04,80.19
기장군,0.01,0.1,0.01,79.24
동구,0.61,1.64,0.31,78.8
동래구,0.78,0.54,3.49,80.12
북구,0.42,1.15,0.76,79.69
남구,0.5,0.35,0.15,80.75
부산진구,0.54,0.27,1.89,78.96
사상구,0.28,0.25,1.03,77.95
서구,0.29,0.59,1.32,78.3
연제구,0.91,0.5,0.5,79.77
영도구,0.79,0.29,2.43,77.64
중구,0.71,6.79,1.07,80.07
수영구,0.79,0.79,4.04,80.73
사하구,0.24,0.39,0.24,79.44
